molecule_chembl_id,canonical_smiles,standard_units,standard_value
CHEMBL81260,CN(C)c1ccc(-c2cn3cc(Br)ccc3n2)cc1,nM,10.3
CHEMBL55380,CN(C)c1ccc(-c2nc3ccc(I)cc3s2)cc1,nM,0.9
CHEMBL78410,CNc1ccc(-c2cn3cc(C)ccc3n2)cc1,nM,2000.0
CHEMBL81685,CNc1ccc(-c2cn3ccccc3n2)cc1,nM,1000.0
CHEMBL78621,Cc1ccc2nc(-c3ccc(N(C)C)cc3)cn2c1,nM,242.0
CHEMBL312622,CN(C)c1ccc(-c2cn3ccccc3n2)cc1,nM,2000.0
CHEMBL310444,CN(C)c1ccc(-c2nc3ccc(I)cn3c2I)cc1,nM,2000.0
CHEMBL78765,Cc1ccc2nc(-c3ccc(Br)cc3)cn2c1,nM,638.0
CHEMBL309920,CN(C)c1ccc2nc(-c3ccc(Br)cc3)cn2c1,nM,339.0
CHEMBL78012,CN(C)c1ccc(-c2cn3cc(I)ccc3n2)cc1,nM,15.0
CHEMBL311035,CN(C)c1ccc(-c2nc3ccccn3c2I)cc1,nM,2000.0
CHEMBL76112,O=C(O)c1cc(/C=C\c2ccc(/C=C\c3ccc(O)c(C(=O)O)c3)c(Br)c2)ccc1O,nM,0.13
CHEMBL74348,O=C(O)c1cc(/C=C\c2ccc(/C=C/c3ccc(O)c(C(=O)O)c3)c(Br)c2)ccc1O,nM,0.27
CHEMBL305634,O=C(O)c1cc(/C=C\c2ccc(/C=C/c3ccc(O)c(C(=O)O)c3)cc2Br)ccc1O,nM,0.19
CHEMBL300172,O=C(O)c1cc(/N=N/c2ccc(-c3ccc(/N=N/c4ccc(O)c(C(=O)O)c4)cc3)cc2)ccc1O,nM,0.14
CHEMBL424,O=C(O)c1ccccc1O,nM,1800.0
CHEMBL74704,O=C(O)c1cc(/C=C/c2ccc(/C=C/c3ccc(O)c(C(=O)O)c3)c(Br)c2)ccc1O,nM,0.11
CHEMBL58092,CN1CCN(c2ccc(-c3nc4ccc(I)cc4s3)cc2)CC1,nM,2000.0
CHEMBL292910,COc1ccc(/C=C/c2ccc(/C=C/c3ccc(OC)c(C(=O)O)c3)c(I)c2)cc1C(=O)O,nM,0.17
CHEMBL55401,CN(C)c1ccc(-c2nc3ccc(Br)cc3s2)cc1,nM,2000.0
CHEMBL57267,Cc1ccc2c(c1)sc(-c1ccc(N(C)C)cc1)[n+]2C,nM,9000.0
CHEMBL55536,CN1CCN(c2ccc(-c3nc4ccc(Br)cc4s3)cc2)CC1,nM,2000.0
CHEMBL328430,COc1ccc2nc(-c3ccc(N(C)C)cc3)sc2c1,nM,1.9
CHEMBL93334,CNc1ccc(-c2nc3ccccc3s2)cc1,nM,11.0
CHEMBL93124,CNc1ccc(-c2nc3ccc(O)cc3s2)cc1,nM,4.3
CHEMBL92802,CNc1ccc(-c2nc3ccc(C#N)cc3s2)cc1,nM,8.6
CHEMBL92390,COc1ccc2nc(-c3ccc(N)cc3)sc2c1,nM,7.0
CHEMBL93118,Nc1ccc(-c2nc3ccccc3s2)cc1,nM,37.0
CHEMBL328660,CNc1ccc(-c2nc3ccc(Br)cc3s2)cc1,nM,1.7
CHEMBL93884,Nc1ccc(-c2nc3ccc(O)cc3s2)cc1,nM,46.0
CHEMBL92816,CN(C)c1ccc(-c2nc3ccccc3s2)cc1,nM,4.0
CHEMBL93270,N#Cc1ccc2nc(-c3ccc(N)cc3)sc2c1,nM,64.0
CHEMBL92801,CN(C)c1ccc(-c2nc3ccc(C#N)cc3s2)cc1,nM,11.0
CHEMBL330529,CNc1ccc(-c2nc3ccc(C)cc3s2)cc1,nM,10.0
CHEMBL329640,Cc1ccc2nc(-c3ccc(N(C)C)cc3)sc2c1,nM,64.0
CHEMBL91449,CN(C)c1ccc(-c2nc3ccc(O)cc3s2)cc1,nM,4.4
CHEMBL92852,Nc1ccc(-c2nc3ccc(Br)cc3s2)cc1,nM,7.2
CHEMBL94230,CNc1ccc(-c2nc3ccc(OC)cc3s2)cc1,nM,4.9
CHEMBL93109,Cc1ccc2nc(-c3ccc(N)cc3)sc2c1,nM,9.5
CHEMBL194754,Nc1ccc(/C=C/c2ccc(O)cc2)cc1,nM,95.0
CHEMBL198597,Nc1ccc(/C=C/c2ccc(OCC(CO)CF)cc2)cc1,nM,15.0
CHEMBL198598,CN(C)c1ccc(/C=C/c2ccc(O)cc2)cc1,nM,1.1
CHEMBL371066,CN(C)c1ccc(/C=C/c2ccc(OCC3COC(C)(C)OC3)cc2)cc1,nM,59.0
CHEMBL196407,CN(C)c1ccc(/C=C/c2ccc(OCC(CO)CO)cc2)cc1,nM,38.0
CHEMBL196213,COc1ccc(S(=O)(=O)OCC(CO)COc2ccc(/C=C/c3ccc(N(C)C)cc3)cc2)cc1,nM,150.0
CHEMBL1169460,CN(C)c1ccc(/C=C/c2ccc(OCC(CO)C[18F])cc2)cc1,nM,15.0
CHEMBL196387,CN(C)c1ccc(/C=C/c2ccc(OCC(CO)Cc3ccc(Br)cc3)cc2)cc1,nM,80.0
CHEMBL381642,CNc1ccc(/C=C/c2ccc(O)cc2)cc1,nM,1.2
CHEMBL196941,CNc1ccc(/C=C/c2ccc(OCC(CO)CO)cc2)cc1,nM,32.5
CHEMBL567747,CNc1ccc(/C=C/c2ccc(OCC(CO)C[18F])cc2)cc1,nM,5.0
CHEMBL1788111,[3H]N(c1ccc(-c2nc3ccc(O)cc3s2)cc1)C([3H])([3H])[3H],nM,2.8
CHEMBL204873,COc1ccccc1-c1ccc(-c2ccccc2OC)s1,nM,625.0
CHEMBL205512,CNc1ccc(-c2ccc(-c3ccc(O)cc3)s2)cc1,nM,31.2
CHEMBL206224,Oc1ccc(-c2ccc(-c3ccc(NCCF)cc3)s2)cc1,nM,3.9
CHEMBL202938,COc1ccc(-c2ccc(-c3ccc(NCCF)cc3)s2)cc1,nM,21.5
CHEMBL377279,CN(C)c1ccc(-c2ccc(-c3ccc(O)cc3)s2)cc1,nM,7.5
CHEMBL438972,COc1ccc(-c2ccc(-c3ccc(N(C)C)cc3)s2)cc1,nM,500.0
CHEMBL205824,Nc1ccc(-c2ccc(-c3ccc(O)cc3)s2)cc1,nM,9.6
CHEMBL203320,COc1ccc(-c2ccc(-c3ccc(N)cc3)s2)cc1,nM,5.6
CHEMBL205403,COc1ccc(-c2ccc(-c3ccc([N+](=O)[O-])cc3)s2)cc1,nM,18.5
CHEMBL382007,Nc1ccc(-c2ccc(-c3ccc(N)cc3)s2)cc1,nM,6.1
CHEMBL381991,COc1ccc(-c2ccc(-c3ccc(O)cc3)s2)cc1,nM,6.1
CHEMBL204010,Oc1ccc(-c2ccc(-c3ccc(O)cc3)s2)cc1,nM,4.0
CHEMBL378797,COc1ccc(-c2ccc(-c3ccc(OC)cc3)s2)cc1,nM,108.0
CHEMBL424863,CSc1ccc(-c2ccc(-c3ccc(SC)cc3)s2)cc1,nM,1000.0
CHEMBL202898,O=[N+]([O-])c1ccc(-c2ccc(-c3ccc([N+](=O)[O-])cc3)s2)cc1,nM,185.0
CHEMBL205221,COc1ccc2oc(-c3ccc(N)cc3)cc2c1,nM,2.3
CHEMBL204414,CN(C)c1ccc(-c2cc3cc(O)ccc3o2)cc1,nM,2.8
CHEMBL383116,COc1ccc2oc(-c3ccc(N(C)C)cc3)cc2c1,nM,12.0
CHEMBL204829,CNc1ccc(-c2cc3cc(O)ccc3o2)cc1,nM,0.7
CHEMBL208212,CNc1ccc(-c2cc3cc(OC)ccc3o2)cc1,nM,1.3
CHEMBL380476,Nc1ccc(-c2cc3cc(O)ccc3o2)cc1,nM,11.5
CHEMBL379363,COc1ccc(/C=C/C=C/C=C/c2ccc(OC)cc2)cc1,nM,8000.0
CHEMBL207649,CC(=C(C#N)C#N)c1ccc2cc(N(C)CCF)ccc2c1,nM,8000.0
CHEMBL205332,Nc1ccc(/C=C/C=C/C=C/c2ccc(NCCF)cc2)cc1,nM,217.0
CHEMBL377929,CN(C)c1ccc(/C=C/C=C/C=C/c2ccc(N(C)C)cc2)cc1,nM,7000.0
CHEMBL208457,CNc1ccc(/C=C/C=C/C=C/c2ccc(NC)cc2)cc1,nM,122.0
CHEMBL208456,Nc1ccc(/C=C/C=C/C=C/c2ccc(N)cc2)cc1,nM,375.0
CHEMBL205899,O=[N+]([O-])c1ccc(/C=C/C=C/C=C/c2ccc([N+](=O)[O-])cc2)cc1,nM,4000.0
CHEMBL381731,Oc1ccc(/C=C/C=C/C=C/c2ccc(O)cc2)cc1,nM,150.0
CHEMBL381708,CN(C)c1ccc(-c2cn3cc(CCF)ccc3n2)cc1,nM,177.0
CHEMBL382407,CN(C)c1ccc(-c2cn3cc(CCCF)ccc3n2)cc1,nM,48.3
CHEMBL207456,[11CH3]Nc1ccc(-c2nc3ccc(O)cc3s2)cc1,nM,7.8
CHEMBL106509,COc1cc(/C=C/C(C)=O)ccc1O,nM,55.9
CHEMBL217923,COc1cc(/C=C/C(O)=C/C(C)=O)cc(I)c1O,nM,24.9
CHEMBL216864,COc1cc(/C=C/C(O)=C/C(C)=O)ccc1OCCCF,nM,316.3
CHEMBL216432,COc1cc(/C=C/C(O)=C/C(C)=O)ccc1OCCF,nM,958.1
CHEMBL386737,COc1cc(/C=C/C(C)=O)ccc1OCCCF,nM,839.2
CHEMBL387276,COc1cc(/C=C/C(C)=O)ccc1OCCF,nM,232.7
CHEMBL216553,COc1cc(/C=C/C(C)=O)cc(I)c1O,nM,36.6
CHEMBL384465,COc1cc(/C=C/C(O)=C/C(=O)/C=C/c2ccc(OCCCF)c(OC)c2)ccc1O,nM,0.07
CHEMBL215110,COc1cc(/C=C/C(O)=C/C(=O)/C=C/c2cc(I)c(O)c(OC)c2)ccc1O,nM,9.37
CHEMBL116438,COc1cc(/C=C/C(=O)/C=C(O)/C=C/c2ccc(O)c(OC)c2)ccc1O,nM,0.208
CHEMBL224643,CNc1ccc(-c2cc(=O)c3cc(I)ccc3o2)cc1,nM,22.6
CHEMBL429694,Nc1c(/N=N/c2ccc(-c3ccc(/N=N/c4cc(S(=O)(=O)[O-])c5ccccc5c4N)cc3)cc2)cc(S(=O)(=O)[O-])c2ccccc12.[Na+].[Na+],nM,1000.0
CHEMBL224392,Cc1ccc2c(c1)sc(-c1ccc(N(C)C)cc1)[n+]2C.[Cl-],nM,1000.0
CHEMBL388844,O=c1cc(-c2ccc(O)cc2)oc2ccc(I)cc12,nM,72.5
CHEMBL224064,COc1ccc(-c2cc(=O)c3cc(I)ccc3o2)cc1,nM,29.0
CHEMBL375934,CN(C)c1ccc(-c2cc(=O)c3cc(I)ccc3o2)cc1,nM,13.2
CHEMBL227869,CN(C)c1ccc(/C=C/c2cnc(OCCOCCOCCF)c(Br)c2)cc1,nM,6.8
CHEMBL227923,OCCOc1ncc(/C=C/c2ccc(O)cc2)cc1I,nM,15.5
CHEMBL224149,CNc1ccc(/C=C/c2cnc(OCCO)c(I)c2)cc1,nM,8.5
CHEMBL224148,CN(C)c1ccc(/C=C/c2cnc(OCCO)c(I)c2)cc1,nM,7.5
CHEMBL1162947,OCCOc1ncc(/C=C\c2ccc(O)cc2)cc1Br,nM,6.8
CHEMBL227817,CNc1ccc(/C=C/c2cnc(OCCO)c(Br)c2)cc1,nM,5.0
CHEMBL390561,CN(C)c1ccc(/C=C/c2cnc(OCCO)c(Br)c2)cc1,nM,3.6
CHEMBL228094,Oc1ccc(/C=C/c2cnc(OCCOCCOCCF)c(I)c2)cc1,nM,21.0
CHEMBL224147,CNc1ccc(/C=C/c2cnc(OCCOCCOCCF)c(I)c2)cc1,nM,9.0
CHEMBL227750,CN(C)c1ccc(/C=C/c2cnc(OCCOCCOCCF)c(I)c2)cc1,nM,7.5
CHEMBL226662,Oc1ccc(/C=C/c2cnc(OCCOCCOCCF)c(Br)c2)cc1,nM,14.2
CHEMBL227921,CNc1ccc(/C=C/c2cnc(OCCOCCOCCF)c(Br)c2)cc1,nM,4.5
CHEMBL223309,C(#Cc1ccccc1)c1ccccc1,nM,175.0
CHEMBL413436,CN(C)c1ccc(C#Cc2ccc(OCCOCCOCCO)cc2)cc1,nM,3.4
CHEMBL227674,CNc1ccc(C#Cc2ccc(OCCOCCOCCO)cc2)cc1,nM,4.5
CHEMBL227752,Nc1ccc(C#Cc2ccc(OCCOCCOCCO)cc2)cc1,nM,67.58
CHEMBL227751,Oc1ccc(C#Cc2ccc(OCCOCCOCCF)cc2)cc1,nM,16.5
CHEMBL224096,CN(C)c1ccc(C#Cc2ccc(OCCOCCOCCF)cc2)cc1,nM,2.9
CHEMBL227495,CNc1ccc(C#Cc2ccc(OCCOCCOCCF)cc2)cc1,nM,1.9
CHEMBL226610,Nc1ccc(C#Cc2ccc(OCCOCCOCCF)cc2)cc1,nM,21.5
CHEMBL389671,CN(C)c1ccc(C#Cc2ccc(OCCOCCO)cc2)cc1,nM,3.8
CHEMBL227577,CNc1ccc(C#Cc2ccc(OCCOCCO)cc2)cc1,nM,3.1
CHEMBL227576,CN(C)c1ccc(C#Cc2ccc(OCCOCCF)cc2)cc1,nM,5.0
CHEMBL227521,CNc1ccc(C#Cc2ccc(OCCOCCF)cc2)cc1,nM,1.2
CHEMBL373663,Nc1ccc(C#Cc2ccc(OCCOCCF)cc2)cc1,nM,12.0
CHEMBL223285,COc1ccc(C#Cc2ccc(N)cc2)cc1,nM,2.9
CHEMBL227625,Nc1ccc(C#Cc2ccc(N)cc2)cc1,nM,76.0
CHEMBL228034,COc1ccc(C#Cc2ccc(O)cc2)cc1,nM,2.9
CHEMBL228033,CNc1ccc(C#Cc2ccc(O)cc2)cc1,nM,1.5
CHEMBL373548,Nc1ccc(C#Cc2ccc(O)cc2)cc1,nM,106.0
CHEMBL69671,CN(CCCF)c1ccc(-c2cn3cc(I)ccc3n2)cc1,nM,41.0
CHEMBL70894,CN(CCF)c1ccc(-c2cn3cc(I)ccc3n2)cc1,nM,31.0
CHEMBL244995,CN(C)c1ccc(-c2cn3cc(SCCO)ccc3n2)cc1,nM,88.0
CHEMBL388460,COc1ccc(CSc2ccc3nc(-c4ccc(N(C)C)cc4)cn3c2)cc1,nM,8.3
CHEMBL244994,CN(C)c1ccc(-c2cn3cc(SCC(N)=O)ccc3n2)cc1,nM,391.0
CHEMBL241986,CNc1ccc(-c2cn3cc(SCCO)ccc3n2)cc1,nM,645.0
CHEMBL241985,CNc1ccc(-c2cn3cc(SCC(N)=O)ccc3n2)cc1,nM,1840.0
CHEMBL245210,Cc1cc(-c2cn3cc(Br)ccc3n2)ccc1N,nM,658.0
CHEMBL245208,CNc1ccc(-c2cn3cc(Br)ccc3n2)cc1Br,nM,7.4
CHEMBL387998,CN(C)c1ccc(-c2cn3cc(O)ccc3n2)cc1,nM,177.0
CHEMBL242410,CN(C)c1ccc(-c2cn3cc(Br)cc(I)c3n2)cc1,nM,183.0
CHEMBL242194,CCSc1ccc2nc(-c3ccc(N(C)C)cc3)cn2c1,nM,8.3
CHEMBL243492,COc1ccc2nc(-c3ccc(N(C)C)cc3)cn2c1,nM,38.5
CHEMBL244757,CN(C)c1ccc(-c2cn3cc([N+](=O)[O-])ccc3n2)cc1,nM,7.6
CHEMBL442269,CN(C)c1ccc(-c2cn3cc(C#N)ccc3n2)cc1,nM,8.2
CHEMBL241967,CN(C)c1ccc(-c2cn3cc(F)ccc3n2)cc1,nM,13.0
CHEMBL394553,CN(C)c1ccc(-c2cn3cc(Cl)ccc3n2)cc1,nM,24.2
CHEMBL388227,CN(C(=O)C(F)(F)F)c1ccc(-c2cn3cc(Br)ccc3n2)cc1Br,nM,1000.0
CHEMBL242411,CN(C)c1ccc(-c2cn3cc(Br)cc(C#N)c3n2)cc1,nM,180.0
CHEMBL245214,CNc1ccc(-c2cn3cc(SCCO)ccc3n2)cc1C,nM,1000.0
CHEMBL244996,CNc1ccc(-c2cn3cc(SCC(N)=O)ccc3n2)cc1C,nM,1000.0
CHEMBL241984,CNc1ccc(-c2cn3cc(Br)ccc3n2)cc1C,nM,1000.0
CHEMBL243935,CC(=O)N(C)c1ccc(-c2cn3cc(Br)ccc3n2)cc1C,nM,1000.0
CHEMBL388228,Cc1cc(-c2cn3cc(Br)ccc3n2)ccc1NC(=O)C(F)(F)F,nM,1000.0
CHEMBL244747,CN(C)c1ccc(-c2cn3cc(Cl)ncc3n2)cc1,nM,88.0
CHEMBL394626,CN(C)c1ccc(-c2cn3cc(Cl)cnc3n2)cc1,nM,147.0
CHEMBL242347,Nc1ccc(-c2nc3ccc(-c4nc5ccccc5s4)cc3s2)cc1I,nM,21.0
CHEMBL242132,CN(C)c1ccc(-c2nc3ccc(-c4nc5ccc(F)cc5s4)cc3s2)cc1,nM,23.0
CHEMBL396212,CNc1ccc(-c2nc3ccc(-c4nc5ccc(F)cc5s4)cc3s2)cc1,nM,27.0
CHEMBL242130,CNc1ccc(-c2nc3ccc(-c4nc5ccc(Cl)cc5s4)cc3s2)cc1,nM,6.8
CHEMBL394523,CNc1ccc(-c2nc3ccc(-c4nc5ccccc5s4)cc3s2)cc1,nM,22.0
CHEMBL398155,COc1ccc2nc(-c3ccc4nc(-c5ccc(N)cc5)sc4c3)sc2c1,nM,25.0
CHEMBL241917,Nc1ccc(-c2nc3ccc(-c4nc5ccc(F)cc5s4)cc3s2)cc1,nM,36.0
CHEMBL243838,Nc1ccc(-c2nc3ccc(-c4nc5ccc(Cl)cc5s4)cc3s2)cc1,nM,34.0
CHEMBL243630,Nc1ccc(-c2nc3ccc(-c4nc5ccccc5s4)cc3s2)cc1,nM,25.0
CHEMBL231915,CN(C)c1ccc(C#Cc2cnc(OCCOCCOCCF)c(I)c2)cc1,nM,16.8
CHEMBL232114,OCCOc1ncc(C#Cc2ccc(O)cc2)cc1I,nM,6.2
CHEMBL232113,CNc1ccc(C#Cc2cnc(OCCO)c(I)c2)cc1,nM,12.5
CHEMBL232112,CNc1ccc(C#Cc2cnc(OCCO)c(Br)c2)cc1,nM,1.6
CHEMBL231918,CNc1ccc(C#Cc2cnc(OCCOCCOCCF)c(Br)c2)cc1,nM,13.1
CHEMBL231917,CN(C)c1ccc(C#Cc2cnc(OCCO)c(Br)c2)cc1,nM,6.7
CHEMBL398059,CN(C)c1ccc(C#Cc2cnc(OCCOCCOCCF)c(Br)c2)cc1,nM,11.2
CHEMBL231916,CN(C)c1ccc(C#Cc2cnc(OCCO)c(I)c2)cc1,nM,9.2
CHEMBL254850,CSc1ccc2nc(-c3ccc(N)cc3)cn2c1,nM,377.0
CHEMBL252969,COC(=O)CCSc1ccc2nc(-c3ccc(N(C)C)cc3)cn2c1,nM,205.0
CHEMBL252766,CSc1ccc2nc(-c3ccc(N(C)C)cc3)cn2c1,nM,7.93
CHEMBL252765,CNc1ccc(-c2cn3cc(SC)ccc3n2)cc1,nM,80.0
CHEMBL524651,CNc1ccc(-c2nc3c(O)cccc3s2)cc1,nM,18.8
CHEMBL486529,CNc1ccc(-c2nc3cccc(O)c3s2)cc1,nM,11.2
CHEMBL503833,CNc1ccc(-c2nc3cc(O)ccc3s2)cc1,nM,11.5
CHEMBL451807,FCCOCCOCCOc1ccc(C#Cc2ccc3c(c2)CCN3)cc1,nM,4.0
CHEMBL519255,FCCOCCOCCOc1ccc(C#Cc2ccc3[nH]ccc3c2)cc1,nM,1.5
CHEMBL510384,Cc1ccc2nc(-c3ccc(F)cc3)sc2c1,nM,5.7
CHEMBL501127,O=C(O)c1ccc2nc(-c3ccc(F)cc3)sc2c1,nM,4000.0
CHEMBL490083,COc1ccc2nc(-c3ccc(F)cc3)sc2c1,nM,2.2
CHEMBL490084,Oc1ccc2nc(-c3ccc(F)cc3)sc2c1,nM,22.5
CHEMBL490085,Oc1cc(O)c2sc(-c3ccc(F)cc3)nc2c1,nM,776.0
CHEMBL477841,O=[N+]([O-])c1ccc(-c2nc3ccccc3s2)cc1,nM,9.0
CHEMBL568061,Nc1ccc2nc(-c3ccc(F)cc3)sc2c1,nM,10.0
CHEMBL566354,CN(C)c1ccc2nc(-c3ccc(F)cc3)sc2c1,nM,3.8
CHEMBL578982,CNc1ccc2nc(-c3ccc(F)cc3)sc2c1,nM,4.1
CHEMBL570378,CNc1ccc(-c2nc3ccc(O)cc3s2)cn1,nM,1.7
CHEMBL579205,CNc1ccc(-c2nc3ccc(O)cc3s2)cc1F,nM,0.74
CHEMBL566723,CNc1ccc(/C=C/c2ccc(OCCCCCCF)cc2)cc1,nM,2.22
CHEMBL1774461,CNc1ccc(/C=C/c2ccc(OCCOCCOCC[18F])nc2)cc1,nM,2.87
CHEMBL565657,CN(C)c1ccc(/C=C/c2nc3ccccc3s2)cc1,nM,2.3
CHEMBL565623,CN(C)c1ccc(/C=C/c2ccccc2I)cc1,nM,7.7
CHEMBL567746,CN(C)c1ccc(/C=C/c2cccc(I)c2)cc1,nM,4.5
CHEMBL570610,CN(C)c1ccc(/C=C/c2ccc(I)cc2)cc1,nM,2.0
CHEMBL81999,CN(C)c1ccc(/C=C/c2ccc(F)cc2)cc1,nM,22.0
CHEMBL565281,COc1ccc(/C=C/c2cccc(I)c2)cc1,nM,22.0
CHEMBL567614,Oc1ccc(/C=C/c2cccc(I)c2)cc1,nM,32.0
CHEMBL373236,CNc1ccc(/C=C/c2ccc(OCC(CO)CF)cc2)cc1,nM,5.0
CHEMBL566709,CNc1ccc(/C=C/c2ccc(OCCCCF)cc2)cc1,nM,2.9
CHEMBL566296,CNc1ccc(/C=C/c2ccc(OCCCCCCCCF)cc2)cc1,nM,4.4
CHEMBL570606,CNc1ccc(/C=C/c2ccc(OCCCCCCCCCCF)cc2)cc1,nM,6.0
CHEMBL576655,CNc1ccc(/C=C/c2ccc(OCCCCCCCCCCCCF)cc2)cc1,nM,7.5
CHEMBL566917,CNc1ccc(/C=C/c2ccc(OCCCCCCCCCCCCCCF)cc2)cc1,nM,8.2
CHEMBL566711,CNc1ccc(/C=C/c2ccc(OCCCCCCCCCCCCCCCCF)cc2)cc1,nM,9.0
CHEMBL585301,CNc1ccc(/C=C/c2ccc(OCCCCCCCCCCCCCCCCCCF)cc2)cc1,nM,18.5
CHEMBL565658,CNc1ccc(/C=C/c2ccc(OCCCCCCCCCCCCCCCCCCCCF)cc2)cc1,nM,12.2
CHEMBL570608,CNc1ccc(/C=C/c2ccc(OCCCCCCCCCCCCCCCCCCCCCCCCF)cc2)cc1,nM,63.0
CHEMBL610505,CN1C(=O)c2ccc(Nc3ccccc3)cc2C1=O,nM,7.6
CHEMBL598288,Cc1ccc(Nc2ccc3c(c2)C(=O)N(C)C3=O)cc1,nM,4.1
CHEMBL598081,CN1C(=O)c2ccc(Nc3ccc(Br)cc3)cc2C1=O,nM,3.8
CHEMBL610504,CN1C(=O)c2ccc(Nc3ccc(I)cc3)cc2C1=O,nM,0.9
CHEMBL598082,COc1ccc(Nc2ccc3c(c2)C(=O)N(C)C3=O)cc1,nM,16.3
CHEMBL598083,CN1C(=O)c2ccc(Nc3ccc(O)cc3)cc2C1=O,nM,19.7
CHEMBL268868,O=C1NC(=O)c2cc(Nc3ccccc3)c(Nc3ccccc3)cc21,nM,1000.0
CHEMBL8036,CN1C(=O)c2cc(Nc3ccccc3)c(Nc3ccccc3)cc2C1=O,nM,1000.0
CHEMBL1643335,CN(C)c1ccc(C#CC(=O)c2ccc(I)cc2)cc1,nM,6.0
CHEMBL1643337,CN(C)c1ccc(C#CC(=O)c2ccc(F)cc2)cc1,nM,20.4
CHEMBL1643338,COc1ccc(C#CC(=O)c2ccc(I)cc2)cc1,nM,13.7
CHEMBL1643339,O=C(C#Cc1ccc(O)cc1)c1ccc(I)cc1,nM,325.8
CHEMBL1671878,CNc1ccc(-c2cn3c(n2)sc2cc(OC)ccc23)cc1,nM,3.5
CHEMBL284575,Nc1ccc(-c2nc3ccc(F)cc3s2)cc1,nM,26.2
CHEMBL1774642,CNc1ccc(-c2nc3ccc(F)cc3s2)cc1,nM,5.5
CHEMBL1774643,CN(C)c1ccc(-c2nc3ccc(F)cc3s2)cc1,nM,5.9
CHEMBL2017621,CNc1ccc(-c2cn3c(n2)sc2cc(OCC[18F])ccc23)cc1,nM,3.2
CHEMBL2042247,CNc1ccc(/C=C/c2ccc(OCCOCCOCCOCCn3cc(COCC(COCCOCCOCCF)(COCc4cn(CCOCCOCCOCCOc5ccc(/C=C/c6ccc(NC)cc6)cn5)nn4)COCc4cn(CCOCCOCCOCCOc5ccc(/C=C/c6ccc(NC)cc6)cn5)nn4)nn3)nc2)cc1,nM,468.0
CHEMBL2042246,CNc1ccc(/C=C/c2ccc(OCCOCCOCCOCCNC(=O)CN(CC(=O)NCCOCCOCCOCCOc3ccc(/C=C/c4ccc(NC)cc4)cn3)C(=O)COCCOCCOCCF)nc2)cc1,nM,71.2
CHEMBL2042248,CN(C(=O)OC(C)(C)C)c1ccc(/C=C/c2ccc(OCCOCCOCCOCCOCC(COCCOCCOCCOCCOc3ccc(/C=C/c4ccc(N(C)C(=O)OC(C)(C)C)cc4)cn3)OCCF)nc2)cc1,nM,1000.0
CHEMBL566752,CNc1ccc(/C=C/c2ccc(OCCOCCOCC[18F])cc2)cc1,nM,2.22
CHEMBL2042122,CNc1ccc(-c2nc3ccc(O)cc3s2)cc1[18F],nM,0.74
CHEMBL2042123,CNc1ccc(-c2nc3ccc(O)cc3s2)c([18F])n1,nM,2.3
CHEMBL2042124,CNc1ccc(/C=C/c2ccc(OCCOCCOCCOCCOCC(COCCOCCOCCOCCOc3ccc(/C=C/c4ccc(NC)cc4)cn3)OCCF)nc2)cc1,nM,3.24
CHEMBL2042125,CNc1ccc(/C=C/c2ccc(OCCOCCOCCOCCOCCOCC(COCCOCCOCCOCCOCCOc3ccc(/C=C/c4ccc(NC)cc4)cn3)OCCF)nc2)cc1,nM,7.71
CHEMBL2042245,CNc1ccc(/C=C/c2ccc(OCCOCCOCCOCCOCCOCCOCC(COCCOCCOCCOCCOCCOCCOc3ccc(/C=C/c4ccc(NC)cc4)cn3)OCCF)nc2)cc1,nM,3.86
CHEMBL2069430,CNc1ccc(C=C2C(=O)Nc3ccc(I)cc32)cc1,nM,5057.0
CHEMBL2069431,CN(C)c1ccc(C=C2C(=O)Nc3ccc(I)cc32)cc1,nM,4672.0
CHEMBL2069432,CNc1ccc(/C=C2\Nc3ccc(I)cc3C2=O)cc1,nM,116.0
CHEMBL2069433,CN(C)c1ccc(/C=C2\Nc3ccc(I)cc3C2=O)cc1,nM,31.0
CHEMBL2296463,COc1ccc2nc(/N=C/c3ccc(O)cc3)sc2c1,nM,34.72
CHEMBL2296462,COc1ccc2nc(/N=C/c3ccc(I)cc3)sc2c1,nM,102.74
CHEMBL2296464,COc1ccc2nc(/N=C/c3ccc(Br)cc3)sc2c1,nM,106.46
CHEMBL2296466,COc1ccc(/C=N/c2nc3ccc(OC)cc3s2)cc1,nM,10.82
CHEMBL2296465,COc1ccc2nc(/N=C/c3ccc([N+](=O)[O-])cc3)sc2c1,nM,514.65
CHEMBL2296467,COc1ccc2nc(/N=C/c3ccc(N(C)C)cc3)sc2c1,nM,4.38
CHEMBL2326887,COc1c2ccccc2nc2cc(I)ccc12,nM,10000.0
CHEMBL2326888,COc1c2ccc(I)cc2nc2ccc(N(C)C)cc12,nM,39.2
CHEMBL2326889,COc1ccc2nc3cc(I)ccc3c(OC)c2c1,nM,28.9
CHEMBL2326890,COc1ccc2nc3cc(I)ccc3c(N)c2c1,nM,83.5
CHEMBL2326891,CNc1c2ccc(I)cc2nc2ccc(OC)cc12,nM,13.8
CHEMBL2326892,COc1ccc2nc3cc(I)ccc3c(N(C)C)c2c1,nM,121.0
CHEMBL2326893,CCN(CC)CCCC(C)Nc1c2ccc(I)cc2nc2ccc(OC)cc12,nM,353.0
CHEMBL2397726,Cn1c(-c2ccc(NCCCF)cc2)cc2ccccc21,nM,1097.8
CHEMBL2397725,Cn1c(-c2ccc(NCCF)cc2)cc2ccccc21,nM,1030.1
CHEMBL2397724,CN(CCCF)c1ccc(-c2cc3ccccc3n2C)cc1,nM,79.7
CHEMBL2397723,CN(CCF)c1ccc(-c2cc3ccccc3n2C)cc1,nM,116.8
CHEMBL2397722,CN(CCCF)c1ccc(-c2cc3ccccc3[nH]2)cc1,nM,31.5
CHEMBL2397721,CN(CCF)c1ccc(-c2cc3ccccc3[nH]2)cc1,nM,28.4
CHEMBL2407622,CN(C)c1ccc(-c2cnc3cc(OCC[18F])ccc3n2)cc1,nM,0.895
CHEMBL2407621,CNc1ccc(-c2cnc3cc(OCC[18F])ccc3n2)cc1,nM,15.7
CHEMBL2407620,Nc1ccc(-c2cnc3cc(OCC[18F])ccc3n2)cc1,nM,242.0
CHEMBL2407618,CNc1ccc(-c2cnc3ccc(OCC[18F])cc3n2)cc1,nM,242.0
CHEMBL1908919,CNc1ccc(/C=C/c2ccc(OCCOCCOCCF)nc2)cc1,nM,12.8
CHEMBL2407616,CN(C)c1ccc(-c2cnc3cc(OCCF)ccc3n2)cc1,nM,0.895
CHEMBL2407615,CNc1ccc(-c2cnc3cc(OCCF)ccc3n2)cc1,nM,15.7
CHEMBL2407624,Nc1ccc(-c2cnc3cc(OCCF)ccc3n2)cc1,nM,242.0
CHEMBL2407623,CN(C)c1ccc(-c2cnc3ccc(OCCF)cc3n2)cc1,nM,111.0
CHEMBL2407625,CNc1ccc(-c2cnc3ccc(OCCF)cc3n2)cc1,nM,758.0
CHEMBL2407626,Nc1ccc(-c2cnc3ccc(OCCF)cc3n2)cc1,nM,1180.0
CHEMBL2407619,CN(C)c1ccc(-c2cnc3ccc(OCC[18F])cc3n2)cc1,nM,111.0
CHEMBL2407617,Nc1ccc(-c2cnc3ccc(OCC[18F])cc3n2)cc1,nM,242.0
CHEMBL71696,CN(C)c1ccc(-c2cn3cc([125I])ccc3n2)cc1,nM,13.65
CHEMBL3126522,COc1cc(/C=C2\COc3ccc(Br)cc3C2=O)cc(OC)c1,nM,39.19
CHEMBL3126521,COc1cc(/C=C2\COc3ccc(Br)cc3C2=O)ccc1O,nM,432.03
CHEMBL3126520,COc1cccc(/C=C2\COc3ccc(Br)cc3C2=O)c1,nM,73.46
CHEMBL3126519,COc1ccc(/C=C2\COc3ccc(Br)cc3C2=O)cc1OC,nM,54.22
CHEMBL3126518,CN(C)c1ccc(/C=C2\COc3ccc(Br)cc3C2=O)cc1Br,nM,25.54
CHEMBL3126517,O=C1/C(=C/c2ccc(Br)cc2)COc2ccc(Br)cc21,nM,143.81
CHEMBL3126516,Nc1ccc(/C=C2\COc3ccc(Br)cc3C2=O)cc1,nM,63.57
CHEMBL3126515,O=C1/C(=C/c2ccc([N+](=O)[O-])cc2)COc2ccc(Br)cc21,nM,107.6
CHEMBL3126514,CN(C)c1ccc(/C=C2\COc3ccc(Br)cc3C2=O)cc1,nM,9.1
CHEMBL3126513,O=C1/C(=C/c2ccccc2)COc2ccc(Br)cc21,nM,103.62
CHEMBL3126512,O=C1/C(=C/c2ccc(O)cc2)COc2ccc(Br)cc21,nM,103.35
CHEMBL3126511,COc1ccc(/C=C2\COc3ccc(Br)cc3C2=O)cc1,nM,9.98
CHEMBL609015,CN(C)c1ccc(-c2nnc(-c3ccc(I)cc3)o2)cc1,nM,3.91
CHEMBL3134121,CN(C)c1ccc(-c2nnc(-c3cccc(I)c3)o2)cn1,nM,13.6
CHEMBL3134120,CN(C)c1ccc(-c2nnc(-c3ccc(I)cc3)o2)cn1,nM,24.8
CHEMBL2181036,COc1cc(/C=C/c2ccc(O)cc2)ccc1/C=C/c1ccc(O)cc1,nM,24.2
CHEMBL3233657,Oc1ccc(/C=C/c2ccc(/C=C/c3ccc(O)cc3)c(C(F)(F)F)c2)cc1,nM,244.0
CHEMBL3233658,Oc1ccc(/C=C/c2ccc(/C=C/c3ccc(O)cc3)c(OCC(F)(F)F)c2)cc1,nM,39.3
CHEMBL3233659,Oc1ccc(/C=C/c2ccc(/C=C/c3ccc(O)cc3)c(OCCCC(F)(F)F)c2)cc1,nM,56.4
CHEMBL3233660,Oc1ccc(/C=C/c2ccc(/C=C/c3ccc(O)cc3)c(OC(C(F)(F)F)(C(F)(F)F)C(F)(F)F)c2)cc1,nM,84.48
CHEMBL3314322,COc1ccc(OCc2ccc(I)cc2)cc1,nM,24.3
CHEMBL3314323,COc1cccc(OCc2ccc(I)cc2)c1,nM,130.6
CHEMBL3314324,COc1ccccc1OCc1ccc(I)cc1,nM,5164.8
CHEMBL3314325,Oc1ccc(OCc2ccc(I)cc2)cc1,nM,113.4
CHEMBL3314326,Oc1cccc(OCc2ccc(I)cc2)c1,nM,385.6
CHEMBL3314327,Oc1ccccc1OCc1ccc(I)cc1,nM,2831.2
CHEMBL3314328,Fc1ccc(OCc2ccc(I)cc2)cc1,nM,107.1
CHEMBL3314329,Clc1ccc(OCc2ccc(I)cc2)cc1,nM,18.8
CHEMBL3314330,Brc1ccc(OCc2ccc(I)cc2)cc1,nM,12.0
CHEMBL3314331,Ic1ccc(COc2ccc(I)cc2)cc1,nM,21.9
CHEMBL3314332,Ic1ccc(COc2ccccc2)cc1,nM,79.4
CHEMBL3314333,CC(C)(C)c1ccc(OCc2ccc(I)cc2)cc1,nM,117.6
CHEMBL3314334,Nc1ccc(OCc2ccc(I)cc2)cc1,nM,409.2
CHEMBL3314335,Nc1cccc(OCc2ccc(I)cc2)c1,nM,1534.7
CHEMBL3314336,Nc1ccccc1OCc1ccc(I)cc1,nM,1028.0
CHEMBL3314337,CNc1ccc(OCc2ccc(I)cc2)cc1,nM,48.2
CHEMBL3314338,CNc1cccc(OCc2ccc(I)cc2)c1,nM,593.6
CHEMBL3314339,CNc1ccccc1OCc1ccc(I)cc1,nM,20662.0
CHEMBL3314340,CN(C)c1ccc(OCc2ccc(I)cc2)cc1,nM,17.6
CHEMBL3314341,CN(C)c1cccc(OCc2ccc(I)cc2)c1,nM,894.2
CHEMBL3314342,COc1ccc(COc2ccc(I)cc2)cc1,nM,49.4
CHEMBL3314343,COc1ccc(SCc2ccc(I)cc2)cc1,nM,530.2
CHEMBL3593923,O=C1Nc2ccccc2/C1=C\C=C\c1ccc([N+](=O)[O-])cc1,nM,60.0
CHEMBL3593922,O=C1Nc2ccccc2/C1=C/C=C/c1ccc([N+](=O)[O-])cc1,nM,36.2
CHEMBL3593921,O=C1/C(=C/c2ccc([N+](=O)[O-])cc2)c2ccccc2N1Cc1ccccc1,nM,694.7
CHEMBL3593920,O=C1/C(=C\c2ccc([N+](=O)[O-])cc2)c2ccccc2N1Cc1ccccc1,nM,459.5
CHEMBL3593919,O=C1Nc2ccccc2/C1=C\c1ccc([N+](=O)[O-])cc1,nM,439.2
CHEMBL201986,O=C1Nc2ccccc2/C1=C/c1ccc([N+](=O)[O-])cc1,nM,325.2
CHEMBL3593918,Nc1ccc(/C=C/C=C2\C(=O)Nc3ccccc32)cc1,nM,50.8
CHEMBL3593917,CN(C)c1ccc(/C=C/C=C2\C(=O)N(c3ccccc3)c3ccccc32)cc1,nM,286.8
CHEMBL3593916,CN(C)c1ccc(/C=C/C=C2\C(=O)N(Cc3ccc(N)cc3)c3ccccc32)cc1,nM,98.9
CHEMBL3593915,COc1ccc(CN2C(=O)/C(=C\C=C\c3ccc(N(C)C)cc3)c3cccnc32)cc1,nM,107.0
CHEMBL3593914,CN(C)c1ccc(/C=C/C=C2\C(=O)N(Cc3ccccc3)c3ncccc32)cc1,nM,85.1
CHEMBL3593913,CCOC(=O)N1C(=O)/C(=C\C=C\c2ccc(N(C)C)cc2)c2ccccc21,nM,84.0
CHEMBL3593912,CN(C)c1ccc(/C=C/C=C2\C(=O)N(c3ccncc3)c3ccccc32)cc1,nM,45.9
CHEMBL3593911,CN(C)c1ccc(/C=C/C=C2\C(=O)N(Cc3ccc([N+](=O)[O-])cc3)c3ccccc32)cc1,nM,92.4
CHEMBL3593910,COc1ccc(CN2C(=O)/C(=C\C=C\c3ccc(N(C)C)cc3)c3ccccc32)cc1,nM,129.6
CHEMBL3593909,CN(C)c1ccc(/C=C/C=C2\C(=O)N(Cc3ccccc3)c3ccccc32)cc1,nM,357.9
CHEMBL3593908,CN(C)c1ccc(/C=C/C=C2\C(=O)N(C)c3ccccc32)cc1,nM,56.0
CHEMBL3593907,COc1ccc(/C=C/C=C2\C(=O)N(Cc3ccccc3)c3ccccc32)cc1,nM,741.0
CHEMBL328710,CN(C)c1ccc(/C=C2\C(=O)Nc3ccccc32)cc1,nM,91.6
CHEMBL3593893,CN(C)c1ccc(/C=C2\C(=O)Nc3ncccc32)cc1,nM,40.0
CHEMBL3593894,CN(C)c1ccc(/C=C2\C(=O)Nc3ccc(O)cc32)cc1,nM,94.8
CHEMBL86921,CN(C)c1ccc(/C=C2\C(=O)N(C)c3ccccc32)cc1,nM,155.1
CHEMBL3593895,CN(C)c1ccc(/C=C2\C(=O)N(Cc3ccccc3)c3ccccc32)cc1,nM,260.4
CHEMBL3593896,COc1ccc(CN2C(=O)/C(=C\c3ccc(N(C)C)cc3)c3ccccc32)cc1,nM,251.5
CHEMBL3593897,CN(C)c1ccc(/C=C2\C(=O)N(c3ccncc3)c3ccccc32)cc1,nM,87.1
CHEMBL3593898,CCOC(=O)N1C(=O)/C(=C\c2ccc(N(C)C)cc2)c2ccccc21,nM,139.9
CHEMBL3593899,CN(C)c1ccc(/C=C2\C(=O)N(Cc3ccccc3)c3ncccc32)cc1,nM,190.2
CHEMBL3593906,O=C1/C(=C\C=C\c2ccccc2)c2ccccc2N1Cc1ccccc1,nM,703.3
CHEMBL3593905,CN(C)c1ccc(/C=C/C=C2\C(=O)Nc3ccc(O)cc32)cc1,nM,37.1
CHEMBL3593904,CN(C)c1ccc(/C=C/C=C2\C(=O)Nc3ncccc32)cc1,nM,15.3
CHEMBL3593903,CN(C)c1ccc(/C=C/C=C2\C(=O)Nc3ccccc32)cc1,nM,27.6
CHEMBL3593902,COc1ccc(/C=C/C=C2\C(=O)Nc3ccccc32)cc1,nM,125.8
CHEMBL3593901,O=C1Nc2ccccc2/C1=C/C=C/c1ccccc1,nM,266.8
CHEMBL3593252,CN(C)c1ccc(/C=C2\C(=O)N(c3ccccc3)c3ccccc32)cc1,nM,179.2
CHEMBL3593900,COc1ccc(CN2C(=O)/C(=C\c3ccc(N(C)C)cc3)c3cccnc32)cc1,nM,113.3
CHEMBL3593924,O=C1/C(=C\C=C\c2ccc([N+](=O)[O-])cc2)c2ccccc2N1Cc1ccccc1,nM,214.2
CHEMBL3593925,O=C1/C(=C/C=C/c2ccc([N+](=O)[O-])cc2)c2ccccc2N1Cc1ccccc1,nM,235.4
CHEMBL3593926,COc1ccc(CN2C(=O)/C(=C\C=C\c3ccc([N+](=O)[O-])cc3)c3ccccc32)cc1,nM,130.8
CHEMBL3593927,COc1ccc(CN2C(=O)/C(=C/C=C/c3ccc([N+](=O)[O-])cc3)c3ccccc32)cc1,nM,138.5
CHEMBL3593928,COc1cccc(CN2C(=O)/C(=C\C=C\c3ccc([N+](=O)[O-])cc3)c3ccccc32)c1,nM,109.7
CHEMBL3593929,COc1cccc(CN2C(=O)/C(=C/C=C/c3ccc([N+](=O)[O-])cc3)c3ccccc32)c1,nM,264.8
CHEMBL3593930,COc1ccc(CN2C(=O)/C(=C\C=C\c3ccc([N+](=O)[O-])cc3)c3ccccc32)cc1OC,nM,73.6
CHEMBL3593931,COc1ccc(CN2C(=O)/C(=C/C=C/c3ccc([N+](=O)[O-])cc3)c3ccccc32)cc1OC,nM,129.5
CHEMBL3593932,O=C1/C(=C\C=C\c2ccc([N+](=O)[O-])cc2)c2ccccc2N1Cc1ccc(OCCF)cc1,nM,142.4
CHEMBL3593933,O=C1/C(=C/C=C/c2ccc([N+](=O)[O-])cc2)c2ccccc2N1Cc1ccc(OCCF)cc1,nM,125.3
CHEMBL3758709,CN(C)c1ccc(COc2ccc(OCCF)cc2)cc1,nM,25.7
CHEMBL3758630,CN(C)c1ccc(COc2ccc(OCCOCCF)cc2)cc1,nM,191.1
CHEMBL3759510,CN(C)c1ccc(COc2ccc(OCCOCCOCCF)cc2)cc1,nM,357.7
CHEMBL3759263,COc1ccc(COc2ccc(OCCF)cc2)cc1,nM,118.5
CHEMBL3759176,COc1ccc(COc2ccc(OCCOCCF)cc2)cc1,nM,437.9
CHEMBL3759854,COc1ccc(COc2ccc(OCCOCCOCCF)cc2)cc1,nM,770.1
CHEMBL3760007,CN(C)c1ccc(OCc2ccc(OCCF)cc2)cc1,nM,21.0
CHEMBL3758500,COc1ccc(OCc2ccc(OCCF)cc2)cc1,nM,152.6
CHEMBL3785292,CN(C)c1ccc(/C=C2\Oc3ccc([125I])cc3C2=O)cc1,nM,6.82
CHEMBL3943621,COc1ccc2nc3ccc(=O)cc-3oc2c1,nM,4675.0
CHEMBL1080002,CCOc1ccc2nc3ccc(=O)cc-3oc2c1,nM,262.0
CHEMBL3956688,C#COc1ccc2nc3ccc(=O)cc-3oc2c1,nM,4613.0
CHEMBL3950550,COc1ccc(COc2ccc3nc4ccc(=O)cc-4oc3c2)cc1,nM,218.0
CHEMBL3926367,CC(=O)OCCOc1ccc2nc3ccc(=O)cc-3oc2c1,nM,860.0
CHEMBL3932977,COCCOc1ccc2nc3ccc(=O)cc-3oc2c1,nM,347.0
CHEMBL3930548,COCCOCCOc1ccc2nc3ccc(=O)cc-3oc2c1,nM,407.0
CHEMBL3938185,COc1ccc(OCCOc2ccc3nc4ccc(=O)cc-4oc3c2)cc1,nM,421.0
CHEMBL3925890,COc1ccc(OCCOCCOc2ccc3nc4ccc(=O)cc-4oc3c2)cc1,nM,10000.0
CHEMBL4167943,Oc1ccc(-c2cc3ccccc3s2)cc1,nM,3.04
CHEMBL4175800,Nc1ccc(-c2cc3ccccc3s2)cc1,nM,4.31
CHEMBL4470128,CN(C)c1ccc(-c2nc3cc([125I])ccc3o2)cn1,nM,6.9
CHEMBL5181356,Cc1ccc2nc(-c3ccc(N[11CH3])cc3)sc2c1,nM,20.2
CHEMBL2203332,CCCC[N+]1=C(/C=C/c2ccc(N(CC)CC)cc2)C(C)(C)c2ccccc21.[I-],nM,1.37
CHEMBL1171026,CC1=CC(C)=[N+]2C1=Cc1ccc(/C=C/c3ccc(-c4ccc([125I])cc4)s3)n1[B-]2(F)F,nM,108.0
CHEMBL5174620,CN(C)c1ccc(/C=C/C=C/C=C(C#N)C#N)cc1,nM,36.9
CHEMBL5207309,CN(C)c1ccc(/C=C/C=C/C=C2C(=O)OC(C)(C)OC2=O)cc1,nM,354.3
CHEMBL5182168,CN(C)c1ccc(/C=C/C=C/C=C2C(=O)CC(C)(C)CC2=O)cc1,nM,645.2
CHEMBL5170177,COC(=O)C(=C/C=C/C=C/c1ccc(N(C)C)cc1)C(=O)OC,nM,652.0
CHEMBL5192359,CN1C(=O)C(=C/C=C/C=C/c2ccc(N(C)C)cc2)C(=O)N(C)C1=O,nM,13.7
